3,2014 Auxiliary Training,2
2,Auxiliary Training Videos,1
4,Bible Videos - The Life of Jesus Christ,1
6,Introduction - 2 Nephi,5
7,Jacob - Mosiah,5
8,Alma - Helaman,5
9,3 Nephi - Moroni,5
10,"Book of Mormon
 Stories (Animated)",5
11,"Book of Mormon
 Presentations",5
12,Introduction - 2 Nephi,5
13,Jacob - Mosiah,5
14,Alma - Helaman,5
15,3 Nephi - Moroni,5
5,Book of Mormon,1
17,CES Devotional Short Videos,16
18,2014 CES Devotionals,16
19,2013 CES Devotionals,16
20,2012 CES Devotionals,16
21,2011 CES Devotionals,16
22,2010 CES Firesides,16
23,2009 CES Firesides,16
24,2008 CES Firesides,16
25,2007 CES Firesides,16
26,2006 CES Firesides,16
27,2005 CES Firesides,16
28,2004 CES Firesides,16
29,2003 CES Firesides,16
30,2002 CES Firesides,16
31,2001 CES Firesides,16
16,CES Devotionals,1
33,ASL Primary Songs,32
34,Book of Mormon Stories (Friend),32
35,Doctrine and Covenants Stories,32
36,For Little Friends,32
37,Matt and Mandy,32
38,Music for Leaders,32
39,New Testament Stories (Friend),32
40,Old Testament Stories (Friend),32
41,One In A Million,32
42,Other Videos,32
43,Year on Temple Square,32
32,Children,1
45,2014 First Presidency's Christmas Devotional,44
46,2014 First Presidency's Christmas Devotional Highlights,44
47,2013 Christmas Devotional,44
48,2012 First Presidency Christmas Devotional,44
49,2011 First Presidency Christmas Devotional,44
50,2010 First Presidency Christmas Devotional,44
44,Christmas Devotionals,1
51,Church Facilities,1
54,Joseph Smith,53
55,Brigham Young,53
56,John Taylor,53
57,Wilford Woodruff,53
58,Lorenzo Snow,53
59,Joseph F. Smith,53
60,Heber J. Grant,53
61,George Albert Smith,53
62,David O. McKay,53
63,Joseph Fielding Smith,53
64,Harold B. Lee,53
65,Spencer W. Kimball,53
66,Ezra Taft Benson,53
67,Howard W. Hunter,53
68,Gordon B. Hinckley,53
69,Thomas S. Monson,53
53,Prophets of the Restoration,52
70,Church History,52
71,Church History Library,52
72,Joseph Smith Papers,52
73,Art Competition Artist Interviews,52
74,Women of Conviction,52
75,Men and Women of Faith,52
76,Preserving Our History,52
52,Church History,1
77,Church Leaders,1
79,Overview - Section 39,78
80,Section 40 - Section 84,78
81,Section 85 - Section 119,78
82,"Section 120 - Church
 History",78
83,"Doctrine and Covenants
 Stories",78
84,Overview - Section 39,78
85,Section 40 - Section 84,78
86,Section 85 - Section 119,78
87,Section 120 - Church History,78
78,Doctrine and Covenants,1
89,RootsTech 2015,88
91,Joint Sunday Lesson,90
92,Member Experiences,90
93,Prophets Speak,90
94,Work of Salvation,90
90,Lesson Preparation,88
96,Family History Callings,95
97,Priesthood Leadership,95
95,Priesthood & Family History Callings,88
98,Youth,88
100,Getting Started,99
101,Beginning Research,99
102,5 Minute Genealogy,99
99,How To,88
103,Indexing,88
104,Church-Service Missionaries,88
105,Missionary Work,88
88,Family History,1
106,Feature Films,1
109,Saturday Morning Session April 2015,108
110,Saturday Afternoon Session April 2015,108
111,Priesthood Session April 2015,108
112,Sunday Morning Session April 2015,108
113,Sunday Afternoon Session April 2015,108
114,General Women's Session March 2015,108
115,April 2015 General Conference Highlights,108
116,April 2015 General Conference Video Quotes,108
108,April 2015,107
118,General Women's Session September 2014,117
119,Saturday Morning Session October 2014,117
120,Saturday Afternoon Session October 2014,117
121,Priesthood Session October 2014,117
122,Sunday Morning Session October 2014,117
123,Sunday Afternoon Session October 2014,117
124,October 2014 General Conference Highlights,117
117,October 2014,107
126,April 2014 General Conference Highlights,125
127,Saturday Morning Session April 2014,125
128,Saturday Afternoon Session April 2014,125
129,Priesthood Session April 2014,125
130,Sunday Morning Session April 2014,125
131,Sunday Afternoon Session April 2014,125
132,General Women's Meeting 2014,125
133,General Women's Meeting Highlights,125
125,April 2014,107
135,Saturday Morning Session October 2013,134
136,Saturday Afternoon Session October 2013,134
137,Priesthood Session October 2013,134
138,Sunday Morning Session October 2013,134
139,Sunday Afternoon Session October 2013,134
140,General Relief Society Meeting October 2013,134
141,October 2013 General Conference Highlights,134
134,October 2013,107
142,"Seek, Receive, Act",107
143,General Conference Video Quotes,107
144,Getting the Most Out of Conference,107
107,General Conference,1
146,A New Vision,145
147,Members and Missionaries,145
148,Priesthood Leaders,145
149,Special Broadcast: The Work of Salvation,145
150,Ward Councils and Ward Mission Leaders,145
145,Hasten the Work,1
151,Homefronts,1
153,Visitor Center Films,152
154,Emergency Response,152
155,Wheelchairs,152
156,Community Projects,152
157,NRT,152
158,Clean Water,152
159,Benson Food,152
160,Vision,152
161,Give Back Series,152
162,Words From Our Partners,152
163,Immunizations,152
152,Humanitarian,1
164,Humanitarian Aid,1
166,I'm a Mormon 2014,165
167,I'm a Mormon 2013,165
168,I'm a Mormon 2012,165
169,I'm a Mormon 2011,165
170,I'm a Mormon 2010,165
165,I'm a Mormon,1
171,Inspirational,1
172,Inspirational Playlists,1
173,International Video Contest Winners,1
176,About the Library,175
177,Messages from Leaders,175
178,Featured Training Archive,175
179,Featured Training: Learning and Teaching in the Home and Church,175
175,Welcome,174
181,Prepare Spiritually,180
182,Participate in Councils,180
183,Minister to Others,180
184,Teach the Gospel,180
180,Leadership Principles,174
186,"Handbook 1, 2.1 Presiding High Priest",185
187,"Handbook 1, 2.2 President of the Aaronic Priesthood",185
188,Messages from Leaders,185
185,Bishopric,174
190,7.3 Ward Melchizedek Priesthood Leadership,189
191,7.5 Welfare,189
192,7.6 Prospective Elders,189
193,7.8 Quorum and Group Meetings,189
194,Messages from Leaders,189
189,High Priests,174
196,7.3 Ward Melchizedek Priesthood Leadership,195
197,7.4 Home Teaching,195
198,7.5 Welfare,195
199,7.6 Prospective Elders,195
200,Messages from Leaders,195
195,Elders,174
202,8.2 Roles of Parents and Priesthood Leaders,201
203,8.3 Ward Aaronic Priesthood Leadership,201
204,8.4 Home Teaching,201
205,8.5 Gathering Fast Offerings,201
206,8.7 Preparing for Full-Time Missions,201
207,Messages from Leaders,201
201,Aaronic Priesthood,174
209,9.1 Overviews of Relief Society,208
210,9.2 Ward Relief Society Leadership,208
211,9.4 Ward Relief Society Meetings,208
212,9.5 Visiting Teaching,208
213,9.6 Welfare and Compassionate Service,208
214,Messages from Leaders,208
208,Relief Society,174
216,10.2 Roles of Parents and Church Leaders,215
217,10.3 Ward Young Women Leadership,215
218,10.5 Standards,215
219,10.6 Sunday Gospel Instruction,215
220,10.7 Personal Progress,215
221,Messages from Leaders,215
215,Young Women,174
223,11.1 Theme and Purposes of Primary,222
224,11.2 Ward Primary Leadership,222
225,11.4 Sunday Primary,222
226,"Additional Programs, Activities, and Events",222
227,Messages from Leaders,222
222,Primary,174
229,12.1 Purposes of Sunday School,228
230,12.2 Ward Sunday School Leadership,228
231,12.3 Leadership Meetings,228
232,12.5 Improving Learning and Teaching in the Ward,228
233,Messages from Leaders,228
228,Sunday School,174
235,5.1.3 Ward Mission Leader,234
236,5.1.4 Ward Missionaries,234
237,5.1.8 Ward Mission Plan,234
238,5.2 Convert Retention,234
239,Messages from Leaders,234
234,Mission Leader,174
241,16.2 Ministering to Young Single Adult Members,240
242,Messages from Leaders,240
240,Young Single Adults,174
174,Leadership Training Library,1
244,Introduction to Mormons,243
245,Member Testimonies,243
246,Our Faith,243
247,Our Heavenly Father's Plan,243
248,Our Values,243
249,Preach My Gospel,243
250,Church-Service Missionary,243
251,Young Church-Service Missionary,243
243,Missionary,1
252,Mormon Channel Programs,1
254,Mormon Messages 2015,253
255,Mormon Messages 2014,253
256,Mormon Messages 2013,253
257,Mormon Messages 2012,253
258,Mormon Messages 2011,253
259,Mormon Messages 2010,253
260,Mormon Messages 2009,253
261,Mormon Messages 2008,253
253,Mormon Messages,1
263,Introduction - Mark,262
264,Luke - John,262
265,Acts - Revelation,262
266,New Testament Stories,262
267,New Testament Presentations,262
268,Bible Videos - The Life of Jesus Christ,262
269,Introduction - Mark,262
270,Luke - John,262
271,Acts - Revelation,262
272,Bible Videos - The Life of Jesus Christ,262
262,New Testament,1
274,Milestones,273
275,Music and Arts,273
276,World Report,273
277,World Report ASL,273
273,News and Events,1
279,"Introduction -
 Deuteronomy",278
280,Joshua - Song of                                Solomon,278
281,Isaiah - Malachi,278
282,Old Testament Stories,278
283,Introduction - Deuteronomy,278
284,Joshua - Song of Solomon,278
285,Isaiah - Malachi,278
278,Old Testament,1
286,Preparing for Conference,1
288,Teaching,287
289,Serving Children with Disabilities,287
290,Music Videos,287
291,Inspirational,287
292,Old Testament Stories,287
293,New Testament Stories,287
294,Book of Mormon Stories,287
287,Primary,1
296,Dedications and Groundbreakings,295
297,Family,295
298,Gospel Topics,295
299,Prophets and Apostles,295
300,Prophet Vignettes,295
301,Special Witnesses,295
302,Speeches and Addresses (PAAST),295
303,The Presidents of the Church,295
304,Unto All the World: Travels of the Apostles,295
295,Prophets and Apostles,1
305,Relief Society,1
306,Sabbath Day,1
307,Scripture Stories,1
310,Priesthood Leader,309
311,Group Facilitator,309
309,Leader Guide,308
312,My Path,308
314,Principle 1: Exercise Faith in Jesus Christ,313
315,Principle 2: Use Time Wisely,313
316,Principle 3: Be Obedient,313
317,Principle 4: Manage Money,313
318,Principle 5: Work: Take Responsibility,313
319,Principle 6: Solve Problems,313
320,"Principle 7: Become One, Work Together",313
321,Principle 8: Communicate: Petition and Listen,313
322,Principle 9: Persevere,313
323,Principle 10: Show Integrity,313
324,Principle 11: Seek Learning and Education,313
325,"Principle 12: Stay on Task, Receive Ordinances",313
313,My Foundation,308
327,Chapter 1: How do I start or improve my business?,326
328,Chapter 2: What do people want to buy?,326
329,Chapter 3: How do I buy my product and set the sales price?,326
330,Chapter 4: How do I know if my business is making a profit?,326
331,Chapter 5: How do I separate my business and family money?,326
332,Chapter 6: How is my business progressing?,326
333,Chapter 7: How will I grow my business?,326
334,Chapter 8: How much can I afford to invest to grow my business?,326
335,Chapter 9: How do I know if I should use a loan to grow my business?,326
336,Chapter 10: How will I attract more customers and close sales?,326
337,Chapter 11: How will I increase my profits?,326
338,Chapter 12: How do I continue to improve my business?,326
326,Starting and Growing My Business,308
340,Chapter 1: How do I find the right job opportunities?,339
341,Chapter 2: How do I present myself with convincing power?,339
342,"Chapter 3: How do I access the ""hidden"" job market?",339
343,Chapter 4: How do I stand out as the clear choice?,339
344,Chapter 5: How do I accelerate my job search?,339
345,Chapter 6: How do I excel on the job and continue to succeed?,339
339,My Job Search,308
347,Chapter 1: What type of work will help me become self-reliant?,346
348,Chapter 2: What education will qualify me for my work?,346
349,Chapter 3: How will I pay for my education?,346
350,Chapter 4: Should I apply for a Perpetual Education Fund loan?,346
351,Chapter 5: How will I succeed in the classroom?,346
352,Chapter 6: How will I succeed outside the classroom?,346
346,Education for Self-Reliance,308
353,Testimonials and Stories,308
308,Self-Reliance Services/PEF,1
355,Institute,354
356,Mission Prep,354
359,Unit 0 (D&C),358
360,Unit 1 (D&C),358
361,Unit 2 (D&C),358
362,Unit 3 (D&C),358
363,Unit 4 (D&C),358
364,Unit 5 (D&C),358
365,Unit 6 (D&C),358
366,Unit 7 (D&C),358
367,Unit 8 (D&C),358
368,Unit 9 (D&C),358
369,Unit 10 (D&C),358
370,Unit 11 (D&C),358
371,Unit 12 (D&C),358
372,Unit 13 (D&C),358
373,Unit 14 (D&C),358
374,Unit 15 (D&C),358
375,Unit 16 (D&C),358
376,Unit 17 (D&C),358
377,Unit 18 (D&C),358
378,Unit 19 (D&C),358
379,Unit 20 (D&C),358
380,Unit 21 (D&C),358
381,Unit 22 (D&C),358
382,Unit 23 (D&C),358
383,Unit 24 (D&C),358
384,Unit 25 (D&C),358
385,Unit 26 (D&C),358
386,Unit 27 (D&C),358
387,Unit 28 (D&C),358
388,Unit 29 (D&C),358
389,Unit 30 (D&C),358
358,D&C Online Seminary Reference,357
391,Unit 0(BOM),390
390,BOM Online Seminary Reference,357
392,Priesthood and Parent Resources,357
357,Online Seminary,354
393,Seminary,354
395,Introduction,394
396,1-The Objective,394
397,2 - Fundamentals of Gospel Teaching and Learning,394
398,3 - Teaching the Scriptures in Seminaries and Institutes of Religion,394
399,4 - Preparing to Teach,394
400,"5 - Teaching Methods, Skills, and Approaches",394
401,6 - Continuing to Improve as a Teacher,394
394,Teacher Training - Gospel Teaching and Learning Handbook Video Resources,354
354,Seminary and Institute,1
402,Social Media Shareable Videos,1
403,Speeches and Addresses,1
404,Temples,1
406,Adversity,405
407,Agency,405
408,Apostasy and Restoration,405
409,Atonement,405
410,Baptism,405
411,Charity,405
412,Chastity,405
413,Christmas,405
414,Commandments,405
415,Creation,405
416,Easter,405
417,Education,405
418,Faith,405
419,Fasting,405
420,Family,405
421,Fathers,405
422,Gratitude,405
423,Heavenly Father,405
424,Holy Ghost,405
425,Honesty,405
426,Hope,405
427,Humility,405
428,Jesus Christ,405
429,Judgment,405
430,Marriage and Family,405
431,Missionary Work,405
432,Mothers,405
433,New Testament Presentations,405
434,Obedience,405
435,Pioneers,405
436,Plan of Salvation,405
437,Pornography and Addiction,405
438,Prayer,405
439,Pride,405
440,Priesthood,405
441,Race and the Priesthood,405
442,Religious Freedom,405
443,Repentance and Forgiveness,405
444,Revelation,405
445,Scriptures,405
446,Service,405
447,Standards,405
448,Temples,405
449,Testimony,405
450,Tithes and Offerings,405
451,Virtue,405
405,Topics,1
454,Addiction,453
455,Family Conversations,453
456,Introduction to the ARP and Spouse and Family Programs,453
457,What I Know Now,453
453,Addiction,452
458,Bishops' Storehouse,452
460,About DI,459
461,Success Stories,459
462,Associate Training,459
463,Business Partnerships,459
459,Deseret Industries,452
464,Fast Offerings,452
465,Food Storage,452
466,From Crop to Shelf : Behind the Scenes of Welfare,452
467,LDS Jobs,452
468,Serve Others,452
452,Welfare,1
470,2015 Worldwide Devotionals,469
471,2015 Worldwide Devotionals Highlights,469
469,Worldwide Devotionals,1
473,Worldwide Leadership Training 2010,472
474,Worldwide Leadership Training 2011,472
475,Worldwide Leadership Training 2012,472
472,Worldwide Leadership Training,1
478,2015 - Embark in the Service of God,477
479,2014 - Come Unto Christ,477
480,2013 – Stand Ye in Holy Places,477
481,2012 – Arise and Shine Forth,477
482,2011 – We Believe,477
477,Annual Mutual Theme,476
484,Agency and Accountability,483
485,Dating,483
486,Dress and Appearance,483
487,Education,483
488,Entertainment and Media,483
489,Family,483
490,Friends,483
491,Go Forward with Faith,483
492,Gratitude,483
493,Honesty and Integrity,483
494,Language,483
495,Music and Dancing,483
496,Physical and Emotional Health,483
497,Repentance,483
498,Sabbath Day Observance,483
499,Service,483
500,Sexual Purity,483
501,Work and Self-Reliance,483
483,Standards,476
502,Youth General Conference Highlights,476
504,January: The Godhead,503
505,February: The Plan of Salvation,503
506,March: The Atonement of Jesus Christ,503
507,April: The Apostasy and the Restoration,503
508,May: Prophets and Revelation,503
509,June: Priesthood and Priesthood Keys,503
510,July: Ordinances and Covenants,503
511,August: Marriage and Family,503
512,September: Commandments,503
513,October: Becoming More Christlike,503
514,November: Spiritual and Temporal Self-Reliance,503
515,December: Building the Kingdom of God in the Latter Days,503
516,Teaching Tips,503
517,Videos for Leaders,503
518,Videos for Youth and Parents,503
503,Youth Curriculum,476
519,Face to Face,476
520,Youth Media,476
476,Youth,1
1,LDS Media Library,0
522,Matthew,521
523,Matthew 1:20-21,522
524,Matthew 1:18-25,522
525,Matthew 2:1,522
526,"Matthew 2:1-2, 11-15",522
527,Matthew 3:13-17,522
528,Matthew 4:13-16,522
529,Matthew 4:18-22,522
530,Matthew 5:3-16,522
531,Matthew 5:17-48,522
532,Matthew 6:1-13,522
533,Matthew 6:19-21; 7:1-27,522
534,Matthew 9:1-8,522
535,Matthew 9:18-26,522
536,Matthew 9:18-26,522
537,Matthew 10:1-5,522
538,Matthew 11:1-30,522
539,Matthew 13:1-20,522
540,Matthew 13,522
541,Matthew 13:36-43,522
542,Matthew 12:31-42,522
543,Matthew 13:44-51,522
544,Matthew 14:13-21,522
545,Matthew 14:25-33,522
546,Matthew 16:13-19,522
547,Matthew 16:21–28,522
548,Matthew 18:1-11,522
549,Matthew 18:10-14,522
550,Matthew 18:21-35,522
551,Matthew 19:16-26,522
552,Matthew 20:1-16,522
553,Matthew 21:1-11,522
554,Matthew 21:23-32,522
555,Matthew 22:15-22,522
556,Matthew 25: 1-13,522
557,Matthew 25:14-30,522
558,Matthew 25:31-46,522
559,Matthew 26:26-29,522
560,Matthew 26:36-57,522
561,Matthew 26:57-75,522
562,"Matthew 27:1-2, 11-25",522
563,Matthew 27:26-50,522
564,Matthew 27:57-60,522
565,Matthew 28:2-10,522
566,Mark,521
567,Mark 1:9-11,566
568,Mark 1:21-28,566
569,Mark 6:1-6,566
570,Mark 01:16-20,566
571,Mark 2:1-12,566
572,Mark 4:37-40,566
573,Mark 5:22-43,566
574,"Mark 5:22-24, 35-43",566
575,Mark 3:13-19,566
576,Mark 6:31-34,566
577,Mark 6:45-52,566
578,Mark 09:33–37,566
579,Mark 10:17-31,566
580,Mark 11:1-11,566
581,Mark 11:27-33,566
582,Mark 12:13-17,566
583,Mark 12:28-34,566
584,Mark 12:41-44,566
585,Mark 14:18-21,566
586,Mark 14:32-42,566
587,Mark 14:53-65,566
588,Mark 15:20-47,566
589,Mark 15:45-47,566
590,Mark 16:1-8,566
591,Luke,521
592,Luke 1: 26-38; 2:1-19,591
593,Luke 1:26-35,591
594,Luke 1:26-38,591
595,Luke 1:39-55,591
596,Luke 1:57-80,591
597,Luke 2:1-2,591
598,Luke 2:8-18,591
599,Luke 2:22-38,591
600,Luke 2:40-52,591
601,Luke 3:21-22,591
602,Luke 4:33-37,591
603,Luke 4:15-30,591
604,Luke 6:20-23,591
605,Luke 7:11-16,591
606,Luke 6:27-36,591
607,Luke 11:2-4,591
608,Luke 6: 37-49,591
609,Luke 9:10-17,591
610,Luke 9:46–48,591
611,Luke 10:25-37,591
612,Luke 12:13-34,591
613,Luke 5:17-26,591
614,Luke 8:40-56,591
615,Luke 8:40-56,591
616,Luke 6:12-16,591
617,Luke 6:12-16,591
618,Luke 11:14-26,591
619,Luke 15:11-32,591
620,Luke 18:15-17,591
621,Luke 18:18-30,591
622,Luke 20:1-8,591
623,Luke 20:20-26,591
624,Luke 21:1-4,591
625,Luke 19:12-27,591
626,Luke 21:1-4,591
627,Luke 22:31-34,591
628,Luke 22:39-46,591
629,Luke 22:63-71,591
630,Luke 22:66-71,591
631,Luke 23:26-54,591
632,Luke 23:50-55,591
633,Luke 24:1-12,591
634,Luke 24:13-33,591
635,"Luke 24:36-41, 44-49",591
636,John,521
637,John 2:1-12,636
638,John 2:13-17,636
639,John 3:1-36,636
640,John 3:16,636
641,John 01:35-51,636
642,John 4:5-29,636
643,John 5:2-12,636
644,John 6:5-15,636
645,John 6:16-21,636
646,John 6:25-71,636
647,John 8:2-1,636
648,John 8:12-58,636
649,John 9:1-41,636
650,John 10:1-18,636
651,John 11:1-44,636
652,John 12:12-19,636
653,John 13:1-35,636
654,John 18:12-24,636
655,John 19:18-38,636
656,John 19:38-42,636
657,John 20:3-18,636
658,John 20:11-17,636
659,John 20:21,636
660,John 20:24-29,636
661,John 21:1-22,636
662,Acts,521
663,Acts 3:1-8,662
664,"Acts 3:12-26, 4:1-3",662
665,Acts 4:5-21,662
666,Acts 5:12-42,662
667,Acts 10:1-48; 11:1-18,662
668,Acts 15:7-11;13-19,662
669,Acts 17:16-34,662
670,Acts 22:6-16,662
671,Acts 23:11,662
672,1 Corinthians,521
673,1 Corinthians 13,672
674,Ephesians,521
675,Ephesians 2:10-22,674
676,Ephesians 4:1-15,674
677,2 Timothy,521
678,2 Timothy 4:1-8,677
679,Bible Videos Introduction,677
680,A Gift to the World,677
681,To This End Was I Born,677
682,My Kingdom is Not of this World,677
521,Life of Jesus Videos by Book,4
684,Birth,683
685,Luke 1: 26-38; 2:1-19,684
686,Luke 1:26-35,684
687,Luke 1:26-38,684
688,Luke 1:39-55,684
689,Luke 1:57-80,684
690,Luke 2:1-2,684
691,Luke 2:4-7,684
692,Luke 2:8-18,684
693,Luke 2:22-38,684
694,"Matthew 2:1-2, 11-15",684
695,Luke 2:40-52,684
696,Ministry,683
697,Matthew 3:13-17,696
698,John 2:1-12,696
699,John 2:13-17,696
700,John 3:1-36,696
701,John 3:16,696
702,Luke 4:33-37,696
703,Luke 4:15-30,696
704,Matthew 4:18-22,696
705,Luke 7:11-16,696
706,Matthew 5:3-16,696
707,Matthew 5:17-48,696
708,Matthew 6:1-13,696
709,Matthew 6:19-21; 7:1-27,696
710,Luke 10:25-37,696
711,Luke 12:13-34,696
712,John 4:5-29,696
713,Mark 2:1-12,696
714,Mark 4:37-40,696
715,Mark 5:22-43,696
716,"Mark 5:22-24, 35-43",696
717,Matthew 10:1-5,696
718,Matthew 11:1-30,696
719,John 5:2-12,696
720,Luke 11:14-26,696
721,Matthew 13:1-20,696
722,Matthew 13,696
723,Matthew 13:36-43,696
724,Matthew 14:31-34,696
725,Matthew 13:44-51,696
726,Matthew 14:25-33,696
727,Matthew 16:13-19,696
728,Matthew 16:21–28,696
729,John 6:25-71,696
730,Matthew 18:1-11,696
731,Matthew 18:10-14,696
732,Matthew 18:21-35,696
733,Luke 15:11-32,696
734,Matthew 19:16-26,696
735,Luke 18:15-17,696
736,Matthew 20:1-16,696
737,John 8:2-1,696
738,John 8:12-58,696
739,John 9:1-41,696
740,John 10:1-18,696
741,John 11:1-44,696
742,Final Days,683
743,Matthew 21:1-11,742
744,Matthew 21:23-32,742
745,Mark 12:13-17,742
746,Mark 12:28-34,742
747,Mark 12:41-44,742
748,Matthew 25: 1-13,742
749,Matthew 25:14-30,742
750,John 13:1-35,742
751,Matthew 25:31-46,742
752,Luke 22:31-34,742
753,Matthew 26:36-57,742
754,Matthew 26:57-75,742
755,"Matthew 27:1-2, 11-25",742
756,Matthew 27:26-50,742
757,Matthew 27:57-60,742
758,After Resurrection,683
759,John 20:3-18,758
760,John 20:11-17,758
761,Luke 24:13-33,758
762,"Luke 24:36-41, 44-49",758
763,John 20:24-29,758
764,John 21:1-22,758
765,Acts 3:1-8,758
766,"Acts 3:12-26, 4:1-3",758
767,Acts 4:5-21,758
768,Acts 5:12-42,758
769,Acts 6 & 7,758
770,Acts 10:1-48; 11:1-18,758
771,Acts 15:7-11;13-19,758
772,Acts 17:16-34,758
773,Acts 22:6-16,758
774,Acts 23:11,758
775,1 Corinthians 13,758
776,Ephesians 2:10-22,758
777,Ephesians 4:1-15,758
778,2 Timothy 4:1-8,758
779,Other,683
780,Bible Videos Introduction,779
781,A Gift to the World,779
782,To This End Was I Born,779
783,My Kingdom is Not of this World,779
683,Life of Jesus Videos Chronologically,4
