4,Líder del Sacerdocio,3
5,Facilitador de un Grupo,3
3,Guía para el líder,2
7,Capítulo 1: Ejerza fe en Jesucristo,6
8,Capítulo 2: Utilice el tiempo sabiamente,6
9,Capítulo 3: Sea obediente,6
10,Capítulo 4: Administre el dinero,6
11,Capítulo 5: Trabajo: Asuma la responsabilidad,6
12,Capítulo 6: Resuelva los problemas,6
13,"Capítulo 7: Sean uno, trabajen juntos",6
14,Capítulo 8: Comunicación: Pida y escuche,6
15,Capítulo 9: Persevere,6
16,Capítulo 10: Demuestre integridad,6
17,Capítulo 11: Procure conocimiento y educación,6
18,"Capítulo 12: Manténgase enfocado, reciba las ordenanzas",6
6,Mi Fundamento,2
20,Capítulo 1: ¿Cómo puedo comenzar o mejorar mi negocio?,19
21,Capítulo 2: ¿Qué es lo que la gente quiere comprar?,19
22,Capítulo 3: ¿Cómo compro mi producto y establezco el precio de venta?,19
23,Capítulo 4: ¿Cómo puedo saber si mi negocio está dando ganancias?,19
24,Capítulo 5: ¿Cómo puedo separar el dinero de mi negocio y el de mi familia?,19
25,Capítulo 6: ¿Cómo está progresando mi negocio?,19
26,Capítulo 7: ¿Cómo puedo hacer crecer mi negocio?,19
27,Capítulo 8: ¿Cuánto puedo invertir para hacer crecer mi negocio?,19
28,Capítulo 9: ¿Cómo puedo saber si debo acudir a un préstamo para hacer crecer mi negocio?,19
29,Capítulo 10: ¿Cómo puedo atraer a más clientes y cerrar ventas?,19
30,Capítulo 11: ¿Cómo puedo aumentar mis ganancias?,19
31,Capítulo 12: ¿Qué puedo hacer para continuar mejorando mi negocio?,19
19,Cómo comenzar y hacer crecer mi negocio,2
33,Capítulo 1: ¿Cómo busco las oportunidades de empleo apropiadas?,32
34,Capítulo 2: ¿Cómo puedo presentarme seguro de mí mismo?,32
35,Capítulo 3: ¿Cómo puedo acceder al mercado laboral “encubierto”?,32
36,Capítulo 4: ¿Cómo puedo destacarme como la mejor opción?,32
37,Capítulo 5: ¿Cómo puedo acelerar mi búsqueda de empleo?,32
38,Capítulo 6: ¿Cómo puedo sobresalir en el trabajo y continuar teniendo éxito?,32
32,Mi Búsqueda de Empleo,2
40,Capítulo 1: ¿Qué tipo de trabajo me ayudará a ser autosuficiente?,39
41,Capítulo 2: ¿Qué tipo de educación me calificará para el empleo que deseo?,39
42,Capítulo 3: ¿Cómo pagaré mi educación?,39
43,Capítulo 4: ¿Debo solicitar un préstamo del Fondo Perpetuo para la Educación?,39
44,Capítulo 5: ¿Cómo tendré éxito en el salón de clases?,39
45,Capítulo 6: ¿Cómo tendré éxito fuera del salón de clases?,39
39,Educación para un mejor empleo,2
46,Testimonios e historias,2
2,Autosuficiencia del FPE,1
49,Sesión del Sábado Por la Mañana Abril 2015,48
50,Sesión del Sábado Por la Tarde Abril 2015,48
51,Sesión del sacerdocio Abril 2015,48
52,Sesión del Domingo Por la Mañana Abril 2015,48
53,Sesión del Domingo Por la Tarde Abril 2015,48
54,Abril 2015 Extractos de la Conferencia General,48
55,Citas de la conferencia general en video,48
48,Abril 2015,47
57,Sesión General de Mujeres 2014,56
58,Sesión del Sábado Por la Mañana Octubre 2014,56
59,Sesión del Sábado Por la Tarde Octubre 2014,56
60,Sesión del Sacerdocio Octubre 2014,56
61,Sesión del Domingo Por la Mañana Octubre 2014,56
62,Sesión del Domingo Por la Tarde Octubre 2014,56
63,Octubre 2014 Extractos de la Conferencia General,56
56,Octubre 2014,47
65,Abril 2014 Extractos de la Conferencia General,64
66,Sesión del sábado por la mañana,64
67,Sesión del sábado por la tarde,64
68,Sesión del sacerdocio,64
69,Sesión del domingo por la mañana,64
70,Sesión del domingo por la tarde,64
64,Abril 2014,47
71,Octubre 2013,47
72,Prepararse para la conferencia,47
47,Conferencia General,1
74,Devocional de Navidad de 2014 de la Primera Presidencia,73
73,Devocionales de Navidad,1
76,Devocionales del SEI 2014,75
77,Devocionales del SEI 2012,75
78,Devocionales del SEI 2011,75
79,Devocionales del SEI 2010,75
80,Devocionales del SEI 2009,75
81,Devocionales del SEI 2007,75
82,Devocionales del SEI 2006,75
75,Devocionales del SEI,1
84,Relatos de Doctrina y Convenios,83
85,Reseña histórica - Sección 39,83
86,Sección 40 - Sección 84,83
87,Sección 85 - Sección 119,83
88,Sección 120 - Historia de la Iglesia,83
83,Doctrina y Convenios,1
90,Introducción - Deuteronomio,89
91,Josué - Cantares,89
92,Isaías - Malaquías,89
93,Relatos del Antiguo Testamento,89
89,El Antiguo Testamento,1
95,Introducción - 2 Nefi,94
96,Jacob - Mosíah,94
97,Alma - Helamán,94
98,3 Nefi - Moroni,94
99,Historias del Libro de Mormón,94
94,El Libro de Mormón,1
101,Introducción - Marcos,100
102,Lucas - Juan,100
103,Hechos - Apocalipsis,100
104,Relatos del Nuevo Testamento,100
100,El Nuevo Testamento,1
106,RootsTech 2015,105
108,Lección conjunta de Escuela Dominical,107
109,Experiências de Membros,107
110,Los Profetas Hablan,107
111,La Obra de Salvación,107
107,Preparación de la Lección,105
113,Llamamientos de Historia Familiar,112
114,Líderes del Sacerdocio,112
112,Llamamientos del Sacerdocio y de Historia Familiar,105
115,Jóvenes,105
117,Cómo empezar,116
118,Empiece a buscar,116
116,Consejos Prácticos,105
119,Indexación,105
120,Servir a Otras Personas,105
121,Obra Misional,105
105,Historia Familiar,1
122,Informe Mundial,1
125,Permaneced en lugares santos – 2013,124
126,2012 – Levantaos y brillad,124
127,2011 – Creemos,124
124,Lema anual de la Mutual,123
129,El albedrío y la responsabilidad,128
130,El salir con jóvenes del sexo opuesto,128
131,El modo de vestir y la apariencia,128
132,La educación académica,128
133,La diversión y los medios de comunicación,128
134,La familia,128
135,Las amistades,128
136,El seguir adelante con fe,128
137,La gratitud,128
138,La honradez y la integridad,128
139,El lenguaje,128
140,La música y el baile,128
141,La salud física y emocional,128
142,El arrepentimiento,128
143,La observancia del día de reposo,128
144,El servicio,128
145,La pureza sexual,128
146,El trabajo y la autosuficiencia,128
128,Normas,123
147,Reseñas de la conferencia general para los jóvenes,123
149,Enero: La Trinidad,148
150,Febrero: El Plan de Salvación,148
151,Marzo: La expiación de Jesucristo,148
152,Abril: La Apostasía y la Restauración,148
153,Mayo: Los profetas y la revelación,148
154,Junio: El sacerdocio y las llaves del sacerdocio,148
155,Julio: Las ordenanzas y los convenios,148
156,Agosto: El matrimonio y la familia,148
157,Septiembre: Los mandamientos,148
158,Octubre: Llegar a ser más como Cristo,148
159,Noviembre: La autosuficiencia espiritual y temporal,148
160,Diciembre: Edificar el reino de Dios en los últimos días,148
161,Videos para la enseñanza,148
162,Videos para los líderes,148
163,Videos para los jóvenes y los padres,148
148,"Curso de estudio para los jóvenes: Ven, sígueme",123
123,Jóvenes,1
164,Listas discográficas de inspiración,1
166,Mensajes Mormones 2014,165
167,Mensajes Mormones 2013,165
168,Mensajes Mormones 2012,165
169,Mensajes Mormones 2011,165
170,Mensajes Mormones 2010,165
171,Mensajes Mormones 2009,165
165,Mensajes Mormones,1
173,Nuestra fe,172
174,El plan de nuestro Padre Celestial,172
175,Predicad Mi Evangelio,172
172,Misional,1
177,Historias del Libro de Mormón,176
178,Relatos de Doctrina y Convenios,176
179,Relatos del Nuevo Testamento,176
180,Relatos del Antiguo Testamento,176
181,Otros videos,176
176,Niños,1
182,Películas Destacadas,1
184,Enseñanza,183
185,Sirviendo a los niños con discapacidades,183
186,Mensajes Inspiradores,183
187,Videos de la Biblia: La vida de Jesucristo,183
188,Uno en un millón,183
183,Primaria,1
190,Temas del Evangelio,189
191,Profetas y Apóstoles,189
192,Testigos especiales,189
193,Discursos,189
189,Profetas y Apóstoles,1
195,Seminario,194
196,Capacitación para maestros,194
197,Teacher Training - Gospel Teaching and Learning Handbook Video Resources,194
194,Seminario e Instituto,1
199,Agua potable,198
200,Reanimación cardiopulmonar neonatal,198
201,Iniciativa de Área,198
202,Silla de ruedas,198
198,Servicio humanitario,1
203,Sociedad de Socorro,1
205,Soy mormón - 2013,204
206,Soy mormón - 2012,204
207,Soy mormón - 2011,204
208,Soy mormón - 2010,204
204,Soy Mormón,1
210,Adversidad,209
211,Albedrío,209
212,Apostasía y Restauración,209
213,Arrepentimiento y perdón,209
214,Caridad,209
215,Castidad,209
216,Educación,209
217,Escrituras,209
218,Esperanza,209
219,Espíritu Santo,209
220,Estudio de las Escrituras,209
221,Expiación,209
222,Fe,209
223,Gratitud,209
224,Honradez,209
225,Humildad,209
226,Jesucristo,209
227,Juzgar,209
228,Madres,209
229,Matrimonio y familia,209
230,Música,209
231,Navidad,209
232,Normas,209
234,Informe Mundial,233
233,Noticias y Eventos,209
235,Obra misional,209
236,Oración,209
237,Orgullo,209
238,Padre Celestial,209
239,Padres,209
240,Pascua,209
241,Pioneros,209
242,Plan de Salvación,209
243,Pornografía y adición,209
244,Revelación,209
245,Sacerdocio,209
246,Servicio,209
247,Servicios Humanitarios,209
248,Templos,209
249,Testimonio,209
250,Virtud,209
209,Temas,1
1,LDS Media Library,0
