3,Book of Mormon Stories,2
4,Book of Mormon Presentations,2
2,Book of Mormon,1
6,2014 CES Devotionals,5
7,2013 CES Devotionals,5
8,2012 CES Devotionals,5
9,2011 CES Devotionals,5
10,2010 CES Firesides,5
11,2009 CES Firesides,5
5,CES Devotionals,1
13,ASL Primary Songs,12
14,Book of Mormon Stories,12
15,Doctrine and Covenants Stories,12
16,New Testament Stories,12
17,Old Testament Stories,12
12,Children,1
19,Doctrine and Covenants Stories,18
20,Overview- Section 39,18
21,Section 40 - Section 84,18
22,Section 85 - Section 119,18
23,Section 120 - Church History,18
18,Doctrine and Covenants,1
24,Feature Films,1
26,October 2013,25
28,Saturday Morning Session April 2014,27
29,Saturday Afternoon Session April 2014,27
30,Priesthood Session April 2014,27
31,Sunday Morning Session April 2014,27
32,Sunday Afternoon Session April 2014,27
33,General Women's Meeting 2014,27
27,April 2014,25
25,General Conference,1
35,Members and Missionaries,34
36,Special Broadcast: The Work of Salvation,34
34,Hasten the Work,1
38,New Testament Presentations,37
39,New Testament Stories,37
37,New Testament,1
41,World Report,40
40,News and Events,1
43,Introduction - Deuteronomy,42
44,Joshua - Song of Solomon,42
45,Isaiah - Malachi,42
46,Old Testament Stories,42
42,Old Testament,1
48,Special Witnesses,47
47,Prophets and Apostles,1
50,Agency,49
51,Christmas,49
52,Easter,49
49,Topics,1
1,LDS Media Library,0
